TaskOrder,GraphNumber,StartTime,StopTime,Duration,ActionName,TagName,Slot,GraphHash
1,1,1618559687.870840,1618559687.910153,0.039313,GraphIndex0,SystemScheduler,slot1,13812817079277761745
2,1,1618559687.878547,1618559687.910129,0.031582,Init,SystemScheduler,slot1,13812817079277761745
