TaskOrder,GraphNumber,StartTime,StopTime,Duration,ActionName,TagName,Slot,GraphHash
1,1,1618559687.870873,1618559687.910006,0.039133,GraphIndex0,SystemScheduler,slot2,13812817079277761745
2,1,1618559687.878529,1618559687.909884,0.031355,Init,SystemScheduler,slot2,13812817079277761745
